{"0": [
	{"AM": 0.0, "PE": 0.5, "MA": 0.6666666666666666, "PI": 0, "SP": 0.8714285714285714, "SE": 0.3333333333333333, "RS": -0.6666666666666666, "AL": 0, "MS": 0.5, "SC": 0.5, "RJ": 0.09523809523809523, "TO": 0.8333333333333333, "RO": 0.0, "RN": 0, "GO": 0, "BA": -0.14285714285714285, "RR": 0.5, "AP": 0, "DF": 0, "PB": 0, "ES": 0, "MT": 0.0, "PR": 0, "MG": 0.0, "AC": 0.5, "CE": 0, "PA": 0.0},
	{"AM": 10.0, "PE": 35.0, "MA": 15.0, "PI": 2.0, "SP": 333.0, "SE": 8.0, "RS": 102.0, "AL": 25.0, "MS": 17.0, "SC": 67.0, "RJ": 94.0, "TO": 3.0, "RO": 6.0, "RN": 27.0, "GO": 36.0, "BA": 44.0, "RR": 0.0, "AP": 1.0, "DF": 18.0, "PB": 30.0, "ES": 32.0, "MT": 24.0, "PR": 75.0, "MG": 189.0, "AC": 2.0, "CE": 45.0, "PA": 20.0}
]}